{"eval_precision": 0.9878409839710932, "eval_recall": 0.9878451119986109, "eval_f1": 0.9878250884505191, "eval_accuracy": 0.9878451119986109}