{"eval_precision": 0.9854919509306624, "eval_recall": 0.985479775401452, "eval_f1": 0.9853778389531099, "eval_accuracy": 0.985479775401452}