{"eval_precision": 0.9882243967970002, "eval_recall": 0.9882489146164978, "eval_f1": 0.9881307687710189, "eval_accuracy": 0.9882489146164978, "eval_loss": 0.04630901752084139}