{"eval_precision": 0.987315588576092, "eval_recall": 0.9871941622549721, "eval_f1": 0.9871387074594963, "eval_accuracy": 0.9871941622549721}